Gene,RS.number,Chromosome,Position,A.count,C.count,G.count,T.count,Major.allele,Minor.allele
MC1R ,rs1805008,16,89986144,0,259123,0,12963,C,T
SLC45A2,rs28777,5,33958959,22637,8737,0,0,A,C
,rs16891982,5,33951693,0,99394,183370,0,G,C
KITLG,rs12821256,12,89328335,0,2580,0,28754,T,C
EXOC2,rs4959270,6,457748,12906,18408,0,0,C,A
IRF4 ,rs12203592,6,396321,0,28558,0,2810,C,T
TYR,rs1042602,11,88911696,70744,212060,0,0,C,A
,rs1393350,11,89011046,5290,0,25986,0,G,A
HERC2,rs12913832,15,28365618,13719,0,17645,0,G,A
OCA2,rs1800407,15,28230318,0,265228,0,12958,C,T
SLC24A4,rs12896399,14,92773663,0,0,20851,10413,G,T
,rs2402130,14,92801203,22640,0,8658,0,A,G
SLC24A5,rs1426654,15,48426484,215704,0,66906,0,A,G
TYRP1 ,rs683,9,12709305,15592,15728,0,0,C,A
ASIP ,rs6119471,20,32785212,0,26157,5209,0,C,G
